"City/Town","9/2/20","9/9/20","9/16/20","9/23/20","9/30/20","10/7/20","10/14/20","10/23/20","10/30/20","11/6/20","11/13/20","11/20/20","11/27/20","12/3/20","12/10/20","12/17/20","12/24/20","12/31/20","1/7/21","1/14/21","1/21/21","1/28/21","2/4/21","2/11/21","2/18/21","2/25/21","3/4/21","3/11/21","3/18/21","3/25/21","4/1/21","4/8/21","4/15/21","4/22/21","4/29/21","5/6/21","5/13/21","5/20/21","5/27/21","6/3/21","6/10/21","6/17/21","6/24/21","7/1/21","7/8/21","7/15/21","7/22/21","7/29/21","8/5/21","8/12/21","8/19/21","8/26/21","9/2/21","9/9/21","9/16/21","9/23/21","9/30/21","10/7/21","10/14/21","10/21/21","10/28/21","11/4/21","11/11/21","11/18/21","11/25/21","12/2/21","12/9/21","12/16/21","12/23/21","12/30/21","1/6/22","1/13/22","1/20/22","1/27/22","2/3/22","2/10/22"
"Acton",192,191,193,195,199,203,208,211,220,227,247,263,305,337,379,424,468,509,548,596,638,662,687,710,733,759,773,787,802,816,833,867,889,911,927,934,941,945,948,948,951,950,952,952,951,953,958,964,975,984,1000,1008,1027,1047,1057,1075,1094,1117,1128,1135,1152,1160,1180,1207,1257,1295,1340,1387,1469,1634,1879,2186,2437,2548,2628,2677
"Arlington",337,348,353,360,372,374,378,399,421,440,469,508,549,608,726,809,897,985,1075,1194,1274,1352,1416,1482,1512,1558,1592,1632,1668,1701,1733,1769,1804,1824,1835,1846,1858,1862,1868,1868,1870,1871,1871,1871,1875,1879,1892,1904,1921,1951,1982,2013,2049,2065,2099,2143,2164,2194,2212,2231,2255,2279,2313,2357,2393,2451,2535,2617,2748,2973,3405,3911,4251,4467,4570,4655
"Ashland",284,288,299,304,308,311,324,347,362,393,435,474,513,567,650,707,763,822,904,1025,1097,1139,1183,1216,1241,1258,1276,1302,1337,1372,1411,1445,1485,1514,1534,1537,1550,1549,1549,1563,1563,1564,1564,1566,1567,1568,1568,1571,1582,1603,1617,1629,1645,1659,1675,1690,1714,1723,1730,1740,1759,1785,1804,1831,1857,1881,1917,1974,2048,2158,2468,2834,3084,3222,3338,3390
"Bedford",258,262,262,270,277,281,283,295,308,312,319,330,343,366,385,418,449,476,526,595,645,670,691,701,726,741,752,762,743,764,786,800,825,857,869,877,878,883,885,886,888,888,888,891,891,897,899,910,923,925,940,964,993,1009,1039,1052,1067,1075,1081,1100,1104,1115,1130,1153,1177,1214,1264,1303,1362,1484,1715,2084,2316,2414,2507,2533
"Bellingham",157,159,161,165,168,170,175,184,194,209,237,265,306,347,404,460,514,581,636,688,731,784,837,863,881,906,930,950,996,1034,1059,1081,1117,1149,1165,1176,1195,1203,1210,1219,1231,1235,1236,1237,1240,1243,1250,1255,1262,1274,1291,1309,1322,1345,1362,1378,1396,1422,1433,1457,1490,1528,1565,1619,1668,1718,1791,1891,1995,2083,2346,2637,2846,3038,3128,3186
"Belmont",254,254,263,264,267,272,275,282,293,308,325,344,372,403,460,518,575,627,708,785,847,904,935,956,977,996,1004,1017,1034,1041,1056,1074,1093,1107,1124,1130,1139,1140,1146,1148,1152,1150,1149,1149,1149,1153,1161,1169,1179,1200,1220,1245,1267,1279,1306,1320,1332,1350,1364,1384,1398,1416,1446,1463,1500,1523,1563,1602,1686,1857,2186,2622,2901,3104,3204,3254
"Beverly",677,683,689,692,696,706,716,738,790,827,895,990,1068,1160,1324,1491,1695,1888,2101,2342,2492,2636,2719,2822,2885,2961,3033,3089,3145,3223,3296,3364,3450,3511,3591,3622,3648,3673,3695,3696,3697,3699,3699,3703,3708,3715,3724,3740,3766,3793,3824,3868,3928,4005,4079,4145,4200,4264,4332,4388,4428,4485,4551,4690,4873,5000,5253,5465,5689,5964,6517,7291,7678,8029,8214,8295
"Bolton",12,12,13,13,13,14,17,21,23,27,33,38,45,52,58,66,71,89,97,112,118,126,131,142,157,162,167,178,181,193,197,205,209,214,219,218,221,223,223,223,223,223,223,223,223,223,225,225,225,230,233,240,255,264,273,280,287,289,292,299,303,315,324,334,341,346,357,382,414,457,506,596,676,708,726,738
"Boston",16396,16568,16957,17348,17798,18339,18857,19507,20457,21379,22839,24587,26150,27780,30808,33960,36686,39454,42565,46455,49256,51933,53889,55503,56751,57912,59048,60164,61224,62427,64123,65894,67229,68190,68951,69563,70041,70348,70599,70713,70869,70926,70967,71018,71067,71207,71493,71968,72597,73440,74236,75147,76150,77081,78418,79492,80331,81055,81780,82458,83070,83706,84528,85592,86910,88060,90421,92780,97331,104691,118960,137317,148173,155142,158884,161427
"Boxborough",28,28,28,28,28,31,31,31,33,34,38,44,55,59,67,76,86,98,107,121,132,138,146,153,163,167,172,175,176,176,180,188,192,196,198,198,199,199,199,199,199,199,199,201,202,202,203,204,210,212,212,214,215,221,235,247,251,256,264,269,274,277,280,284,292,300,320,329,354,389,451,521,573,587,603,612
"Braintree",859,858,870,893,909,932,954,974,1008,1040,1088,1158,1236,1331,1531,1750,1930,2140,2387,2664,2864,3038,3155,3265,3337,3410,3477,3531,3612,3735,3819,3875,3924,3974,4010,4037,4054,4060,4063,4079,4084,4087,4088,4095,4097,4100,4109,4123,4143,4172,4200,4244,4297,4332,4374,4426,4463,4501,4565,4608,4653,4685,4721,4772,4852,4921,5097,5270,5472,5848,6562,7457,8042,8311,8448,8512
"Brookline",451,464,469,477,496,509,521,529,546,576,622,676,732,777,862,968,1081,1205,1314,1438,1562,1658,1734,1798,1826,1863,1908,1941,2000,2035,2077,2128,2169,2198,2221,2242,2259,2266,2277,2281,2285,2286,2288,2293,2294,2302,2321,2350,2388,2423,2469,2509,2565,2618,2662,2725,2759,2789,2820,2852,2874,2919,2960,3009,3049,3093,3178,3263,3472,3811,4404,5203,5742,6145,6384,6534
"Burlington",284,287,289,294,313,323,337,352,365,375,415,455,493,544,648,781,891,1008,1124,1261,1354,1452,1511,1549,1584,1630,1652,1675,1714,1751,1792,1861,1916,1957,1982,2005,2017,2028,2033,2033,2035,2037,2039,2041,2042,2049,2059,2070,2090,2104,2131,2156,2190,2216,2245,2262,2294,2315,2340,2366,2390,2421,2448,2495,2569,2635,2717,2822,2973,3194,3678,4223,4546,4754,4868,4933
"Cambridge",1096,1113,1134,1161,1183,1204,1241,1270,1302,1362,1459,1679,1830,1966,2192,2427,2645,2835,3083,3346,3618,3862,4058,4177,4271,4377,4486,4623,4734,4878,5080,5221,5407,5527,5603,5664,5692,5713,5730,5735,5758,5761,5764,5768,5778,5799,5840,5926,6018,6103,6196,6321,6464,6602,6752,6897,7012,7089,7138,7225,7331,7405,7503,7643,7804,7979,8291,8646,9381,10374,12004,14358,15912,16970,17540,17879
"Canton",341,344,347,358,369,386,401,418,442,453,469,488,506,524,588,676,759,866,961,1117,1236,1344,1417,1470,1522,1556,1625,1669,1727,1791,1855,1895,1925,1952,1967,1991,1999,2007,2016,2021,2026,2028,2029,2029,2029,2035,2044,2046,2060,2084,2108,2133,2154,2175,2198,2214,2243,2264,2280,2302,2336,2378,2404,2432,2484,2531,2604,2681,2773,2968,3385,3847,4191,4379,4480,4542
"Carlisle",21,21,21,22,23,25,25,25,30,30,34,35,40,45,50,64,82,92,102,111,119,124,131,136,139,143,147,149,151,158,166,175,184,186,189,189,190,190,191,191,191,191,191,191,191,192,192,193,194,196,198,198,202,206,209,212,214,219,224,229,231,234,238,241,250,253,264,275,286,320,371,485,563,606,621,631
"Chelsea",3388,3448,3498,3556,3596,3685,3755,3826,3939,4079,4258,4468,4631,4774,5181,5562,5880,6204,6527,6914,7209,7480,7639,7773,7879,7975,8071,8120,8169,8227,8288,8389,8490,8610,8707,8758,8797,8837,8869,8878,8883,8887,8895,8900,8904,8909,8927,8946,8989,9037,9074,9119,9186,9205,9259,9319,9364,9397,9422,9443,9467,9497,9554,9589,9668,9742,9882,10034,10283,10726,11898,13618,14417,14848,15010,15074
"Cohasset",31,31,34,36,36,36,38,43,48,50,57,61,72,84,95,113,148,162,188,231,252,282,299,310,329,340,348,352,367,372,391,396,404,409,428,431,436,437,438,438,439,439,440,440,440,440,440,441,446,452,457,465,472,476,486,492,495,499,508,520,524,528,536,549,559,585,615,635,666,729,811,926,988,1027,1056,1069
"Concord",192,192,192,195,195,200,204,209,210,212,220,308,337,383,574,603,627,660,704,783,815,866,893,909,928,952,965,974,994,1018,1034,1045,1054,1058,1073,1086,1091,1094,1095,1095,1096,1097,1096,1096,1096,1097,1099,1111,1128,1148,1162,1174,1187,1199,1214,1230,1247,1261,1286,1290,1309,1338,1344,1365,1389,1415,1438,1475,1533,1623,1828,2019,2222,2315,2367,2392
"Danvers",774,779,789,793,798,805,816,831,850,868,910,987,1072,1177,1352,1522,1704,1852,1997,2171,2305,2398,2462,2526,2584,2632,2665,2694,2720,2761,2805,2865,2911,2956,2997,3024,3050,3066,3087,3096,3104,3106,3105,3106,3109,3109,3110,3114,3129,3166,3204,3246,3280,3310,3361,3406,3482,3552,3605,3645,3693,3727,3783,3902,4031,4152,4291,4449,4635,4939,5511,6040,6451,6732,6878,6984
"Dedham",459,484,495,508,516,527,532,549,580,599,622,655,700,760,850,941,1040,1129,1242,1407,1518,1705,1866,1941,2013,2053,2097,2134,2186,2226,2264,2292,2333,2377,2405,2425,2435,2446,2453,2453,2457,2461,2464,2463,2466,2467,2474,2479,2494,2509,2526,2554,2582,2616,2649,2680,2697,2720,2749,2780,2806,2827,2847,2873,2920,2954,3010,3071,3170,3334,3753,4240,4537,4707,4813,4860
"Dover",22,23,24,23,24,27,27,30,35,38,42,48,58,68,84,86,96,116,129,149,167,178,182,188,190,198,204,206,216,223,230,236,236,242,240,241,242,244,244,244,244,244,245,245,245,246,248,249,249,253,260,264,273,287,287,291,295,294,298,305,307,306,307,317,322,336,346,355,378,417,469,564,608,634,651,670
"Duxbury",124,132,138,145,152,157,167,177,186,191,199,216,228,248,277,309,355,395,460,553,634,668,713,730,759,786,805,823,840,872,892,909,927,935,954,959,970,971,972,974,978,978,978,978,981,982,985,989,993,1005,1018,1032,1048,1065,1091,1103,1117,1128,1135,1145,1153,1163,1176,1201,1249,1293,1382,1464,1526,1619,1827,2054,2246,2328,2370,2407
"Essex",24,24,25,26,28,29,29,29,29,30,32,32,36,39,49,63,71,81,90,101,116,121,125,129,131,134,142,143,150,156,165,171,174,179,187,194,194,195,196,196,196,196,197,197,197,197,197,197,198,199,203,206,208,212,219,224,233,237,240,240,245,248,258,270,288,295,312,329,350,381,418,446,463,479,499,503
"Everett",2083,2149,2185,2227,2281,2364,2458,2525,2636,2783,3009,3252,3471,3750,4121,4551,4930,5276,5661,6303,6681,6939,7118,7254,7385,7489,7572,7677,7798,7938,8055,8180,8290,8391,8460,8502,8559,8579,8607,8618,8622,8624,8631,8634,8637,8640,8647,8677,8711,8755,8800,8850,8904,8963,9046,9126,9187,9239,9286,9343,9394,9429,9484,9557,9642,9713,9889,10077,10329,10855,12254,14219,15076,15662,15870,15959
"Foxborough",151,156,160,162,171,176,185,192,205,216,242,283,319,347,412,468,525,586,666,756,822,888,962,999,1032,1068,1098,1120,1147,1178,1222,1255,1300,1319,1338,1350,1362,1371,1373,1374,1375,1375,1375,1376,1376,1379,1382,1386,1394,1409,1431,1450,1472,1489,1512,1526,1538,1550,1565,1593,1616,1632,1658,1697,1741,1807,1894,1971,2049,2180,2466,2778,3026,3150,3248,3309
"Framingham",2024,2064,2146,2203,2255,2338,2435,2498,2586,2671,2832,3054,3221,3488,3928,4335,4681,4998,5295,5640,5910,6134,6300,6459,6600,6725,6886,7012,7171,7376,7600,7745,7909,8030,8114,8171,8212,8250,8298,8324,8341,8348,8351,8354,8359,8362,8377,8414,8454,8524,8597,8646,8709,8760,8828,8877,8915,8945,8989,9060,9126,9215,9279,9378,9495,9615,9851,10132,10561,11033,12320,14267,15760,16562,17031,17225
"Franklin",169,176,181,189,195,206,221,243,248,264,320,376,430,492,568,647,762,849,925,1038,1135,1275,1381,1454,1495,1526,1553,1589,1638,1680,1742,1793,1834,1864,1884,1915,1926,1931,1932,1937,1937,1937,1938,1941,1942,1945,1951,1959,1986,2020,2057,2086,2105,2145,2172,2207,2254,2291,2332,2372,2412,2432,2450,2505,2563,2620,2722,2845,3001,3174,3676,4223,4618,4934,5088,5186
"Gloucester",287,291,293,294,300,306,343,382,404,410,422,460,503,555,664,755,827,900,1014,1182,1303,1395,1432,1477,1512,1560,1598,1632,1672,1736,1812,1880,1921,1954,1968,1975,1991,1994,1999,2001,2000,2000,2001,2001,2001,2003,2007,2022,2036,2058,2083,2101,2124,2152,2174,2200,2234,2267,2288,2316,2342,2361,2400,2464,2549,2644,2849,2992,3201,3488,3816,4149,4385,4678,4823,4896
"Hamilton",46,47,47,48,49,49,49,49,53,56,62,67,78,91,104,117,141,156,175,232,255,278,302,304,311,324,335,344,351,359,377,401,408,419,422,424,431,432,433,435,435,436,436,437,437,436,438,440,442,447,454,457,459,466,470,475,484,488,490,496,503,509,518,527,546,559,608,625,653,692,757,811,863,909,929,945
"Hanover",83,87,89,95,97,102,118,135,151,175,194,213,234,272,323,395,528,642,710,796,872,958,1011,1053,1092,1106,1116,1134,1161,1189,1245,1275,1301,1323,1337,1348,1360,1371,1373,1373,1373,1373,1373,1373,1375,1376,1379,1392,1409,1426,1446,1461,1486,1505,1532,1557,1582,1609,1623,1646,1661,1674,1691,1716,1782,1911,2021,2142,2308,2466,2844,3325,3596,3741,3838,3892
"Hingham",298,305,321,333,338,352,371,395,412,424,449,470,504,551,622,698,797,890,1005,1133,1242,1347,1419,1479,1525,1566,1611,1657,1699,1738,1785,1832,1863,1907,1929,1944,1953,1959,1962,1965,1966,1966,1967,1967,1966,1966,1971,1979,1995,2014,2035,2061,2075,2100,2123,2135,2148,2168,2193,2214,2228,2248,2268,2290,2320,2382,2465,2539,2637,2808,3093,3430,3671,3807,3898,3973
"Holbrook",214,214,220,224,230,236,249,253,264,276,281,299,318,340,390,440,478,521,590,667,749,786,829,860,877,891,904,922,933,947,962,973,999,1013,1023,1031,1047,1050,1052,1055,1055,1057,1057,1058,1059,1063,1065,1069,1078,1089,1108,1120,1146,1163,1179,1196,1204,1220,1235,1247,1262,1280,1299,1314,1342,1363,1425,1492,1577,1671,1890,2175,2360,2470,2517,2534
"Holliston",75,76,87,93,100,104,115,123,140,156,173,194,221,243,275,307,349,396,442,495,536,572,591,609,620,636,654,670,691,705,720,736,752,768,779,792,799,800,802,805,807,807,808,808,808,808,809,815,828,843,864,878,888,892,908,923,934,942,959,974,985,993,1016,1028,1051,1078,1128,1171,1215,1286,1492,1721,1894,2028,2130,2167
"Hopkinton",141,140,141,142,145,147,153,160,171,178,188,206,240,276,297,328,366,392,441,507,542,589,612,629,648,657,674,692,716,739,777,807,840,871,891,918,930,930,932,935,936,937,938,938,941,942,943,950,956,978,998,1004,1023,1037,1060,1077,1086,1099,1115,1147,1164,1178,1191,1209,1259,1293,1347,1396,1565,1729,2027,2398,2626,2787,2907,2980
"Hudson",229,227,231,238,244,272,293,307,327,355,376,433,487,548,617,697,772,859,967,1088,1159,1240,1294,1335,1359,1369,1382,1412,1430,1465,1505,1524,1564,1581,1604,1617,1624,1633,1637,1637,1640,1642,1643,1644,1645,1651,1655,1663,1673,1687,1702,1717,1750,1780,1818,1841,1868,1888,1911,1939,1974,2009,2034,2058,2114,2161,2254,2334,2438,2596,3067,3676,4004,4232,4365,4408
"Hull",67,71,75,76,80,84,87,89,91,92,105,114,128,134,151,171,189,231,281,335,372,409,444,456,467,478,487,491,503,512,527,542,549,557,558,566,569,570,570,572,572,573,573,573,575,575,578,579,583,586,600,617,629,639,653,659,671,691,703,715,730,736,740,742,760,773,798,833,884,932,1022,1125,1204,1241,1262,1289
"Ipswich",85,85,88,88,89,93,92,98,108,112,124,148,171,186,228,267,303,350,395,463,513,541,564,583,601,617,625,636,648,666,687,708,728,745,769,780,788,791,793,793,793,793,793,794,794,794,796,801,810,821,829,843,859,866,884,896,913,933,940,950,965,978,990,1016,1056,1086,1134,1181,1247,1323,1443,1574,1687,1771,1820,1850
"Lexington",343,346,352,353,358,362,369,371,380,383,398,409,428,445,487,571,636,673,737,795,857,906,937,959,977,993,1010,1031,1045,1068,1081,1099,1137,1148,1174,1176,1176,1178,1183,1185,1186,1187,1187,1187,1187,1190,1194,1208,1223,1245,1275,1298,1315,1336,1361,1376,1387,1398,1416,1439,1463,1478,1496,1517,1555,1587,1633,1683,1786,1962,2290,2768,3162,3396,3504,3589
"Lincoln",47,48,48,48,51,51,53,53,55,58,60,62,66,67,76,85,97,110,119,128,138,143,145,150,153,157,159,161,162,163,164,175,179,181,187,192,195,197,197,197,197,197,197,197,198,200,200,201,208,214,218,220,226,229,231,232,233,235,237,241,248,250,253,255,256,263,270,274,288,313,354,435,504,533,538,542
"Littleton",107,109,112,114,118,122,128,132,141,152,154,168,181,200,234,258,281,300,326,366,384,405,432,449,463,469,478,487,502,517,528,545,551,563,582,592,600,602,605,606,608,609,609,609,609,609,610,612,618,625,630,647,663,673,690,703,718,744,767,791,800,804,816,841,880,895,930,962,1003,1055,1178,1351,1495,1584,1622,1652
"Lynn",4507,4570,4693,4792,4862,4950,5054,5214,5444,5755,6128,6666,7136,7639,8555,9522,10212,10989,11776,12722,13429,13964,14369,14741,14976,15174,15324,15449,15664,15896,16171,16413,16636,16825,16981,17080,17164,17231,17299,17325,17345,17382,17402,17414,17419,17441,17463,17514,17580,17685,17803,17934,18083,18232,18374,18536,18732,18871,19023,19160,19316,19467,19655,19897,20132,20349,20858,21298,21972,23195,25757,28906,30529,31570,32007,32199
"Lynnfield",115,127,131,135,146,147,156,168,172,184,204,235,273,302,427,532,615,692,749,802,840,893,923,948,975,1002,1029,1059,1076,1106,1117,1149,1165,1182,1186,1199,1207,1211,1213,1214,1217,1217,1217,1217,1218,1219,1223,1233,1256,1270,1288,1300,1328,1339,1363,1382,1403,1418,1447,1478,1490,1538,1611,1657,1708,1762,1835,1881,1957,2114,2346,2590,2734,2833,2888,2915
"Malden",1415,1453,1473,1494,1533,1597,1646,1713,1777,1875,2025,2210,2375,2589,2981,3361,3676,4006,4362,4821,5162,5441,5669,5815,5889,5976,6048,6140,6278,6417,6569,6690,6836,6938,7019,7070,7112,7135,7160,7179,7193,7210,7215,7217,7222,7230,7242,7279,7333,7397,7477,7544,7591,7664,7730,7820,7908,7972,8029,8093,8159,8201,8280,8393,8505,8623,8837,9060,9350,9894,11138,13037,13998,14606,14885,15033
"Manchester",21,21,23,23,23,24,26,27,28,32,36,39,45,58,75,87,101,117,130,148,164,172,178,183,187,192,198,199,202,208,214,220,221,222,231,231,236,241,241,241,242,243,243,243,243,243,244,248,249,253,258,260,261,263,271,271,272,277,279,282,284,285,290,301,315,321,333,348,371,396,449,482,510,534,547,554
"Marblehead",263,264,265,269,274,277,286,289,297,302,322,353,383,422,485,546,612,698,770,851,905,978,1054,1103,1137,1168,1170,1190,1211,1231,1248,1264,1292,1306,1317,1327,1334,1338,1341,1343,1343,1344,1344,1344,1346,1350,1359,1369,1384,1400,1422,1434,1447,1460,1486,1512,1546,1573,1613,1630,1639,1662,1679,1701,1737,1779,1876,1939,2048,2204,2466,2794,2969,3128,3221,3262
"Marlborough",1117,1126,1158,1188,1220,1274,1339,1385,1431,1504,1556,1660,1784,1915,2149,2403,2662,2863,3110,3405,3629,3829,3952,4032,4095,4144,4212,4264,4327,4390,4451,4524,4621,4675,4710,4740,4753,4778,4802,4809,4814,4817,4817,4817,4819,4822,4827,4834,4855,4889,4930,4980,5037,5093,5147,5187,5225,5262,5325,5369,5412,5462,5513,5621,5708,5802,5928,6102,6300,6721,7779,9216,10022,10527,10719,10803
"Marshfield",185,189,189,202,210,218,237,255,283,301,330,356,393,440,513,621,705,800,954,1134,1248,1324,1403,1459,1503,1539,1596,1646,1672,1703,1738,1767,1785,1798,1807,1813,1823,1831,1843,1845,1845,1845,1848,1849,1849,1852,1852,1857,1865,1886,1902,1922,1957,1979,2017,2046,2071,2084,2107,2136,2154,2173,2191,2237,2297,2354,2455,2538,2640,2792,3108,3555,3844,4029,4127,4165
"Maynard",88,88,90,92,94,96,98,99,108,115,123,144,165,185,213,248,267,305,338,381,428,462,475,488,499,519,527,532,540,548,566,588,603,615,618,621,624,627,631,631,632,632,633,633,633,633,636,642,645,652,659,667,675,689,699,712,719,727,732,745,752,759,778,814,833,863,886,909,946,1015,1137,1288,1438,1508,1540,1569
"Medfield",41,43,47,49,48,49,55,55,67,75,91,112,123,139,172,200,229,256,285,330,368,406,432,454,465,474,484,493,499,519,536,548,558,563,569,576,579,579,583,585,585,586,587,590,590,594,599,600,612,618,630,651,667,676,685,698,710,729,741,748,752,755,765,798,841,862,892,924,979,1046,1191,1310,1407,1487,1517,1543
"Medford",1161,1183,1201,1223,1242,1272,1301,1333,1376,1432,1536,1637,1761,1909,2219,2480,2751,3007,3288,3632,3888,4081,4230,4345,4412,4484,4547,4610,4708,4800,4912,5030,5129,5223,5295,5332,5364,5382,5394,5401,5404,5408,5414,5421,5424,5431,5465,5510,5545,5597,5665,5739,5802,5875,5981,6075,6155,6233,6297,6351,6439,6514,6609,6730,6858,6963,7150,7367,7700,8284,9390,10817,11620,12232,12531,12694
"Medway",131,132,131,136,142,149,154,159,164,175,183,200,218,234,283,323,355,373,408,447,480,528,553,568,577,608,637,650,660,678,685,699,707,736,743,751,758,761,765,764,764,763,763,765,767,768,769,772,786,793,806,826,848,876,900,907,913,920,928,943,955,965,973,979,1003,1038,1092,1140,1188,1269,1506,1715,1848,1951,2021,2056
"Melrose",298,300,309,321,332,342,350,364,378,397,440,507,574,646,780,885,1000,1102,1223,1330,1427,1506,1551,1597,1646,1694,1711,1750,1806,1861,1918,1950,1993,2023,2048,2063,2070,2075,2079,2080,2080,2084,2084,2086,2087,2089,2099,2112,2134,2162,2191,2234,2287,2319,2358,2387,2418,2446,2475,2508,2532,2576,2638,2679,2748,2812,2914,3033,3192,3499,3998,4591,4954,5250,5407,5471
"Middleton",181,183,185,188,207,340,357,363,370,375,379,402,429,479,576,700,823,905,969,1029,1099,1148,1182,1205,1225,1239,1248,1251,1267,1282,1297,1311,1318,1323,1332,1335,1337,1337,1344,1346,1346,1346,1346,1346,1347,1347,1348,1351,1356,1365,1374,1393,1414,1436,1459,1495,1531,1561,1583,1597,1621,1642,1706,1794,1869,1903,1974,2024,2087,2183,2367,2566,2716,2814,2893,2943
"Milford",713,718,731,743,754,773,788,811,830,885,964,1038,1127,1231,1389,1532,1691,1793,1898,2083,2192,2280,2346,2387,2427,2471,2527,2588,2639,2690,2759,2828,2873,2913,2960,2993,3030,3043,3054,3055,3060,3061,3063,3063,3068,3072,3075,3086,3097,3121,3145,3167,3216,3264,3309,3345,3374,3402,3439,3478,3529,3554,3579,3618,3646,3714,3831,3953,4067,4215,4790,5494,5906,6189,6476,6626
"Millis",55,55,58,61,60,64,71,71,74,76,83,94,99,115,142,170,194,215,244,281,316,334,348,357,364,374,383,395,418,427,438,442,450,457,463,468,469,470,471,471,471,472,473,473,473,475,476,479,484,491,493,494,502,508,523,533,545,552,562,570,575,583,586,591,599,617,645,669,694,735,808,920,989,1050,1075,1092
"Milton",349,355,360,370,381,399,430,443,458,481,509,571,638,708,840,954,1090,1201,1353,1522,1632,1732,1814,1890,1946,1993,2020,2041,2064,2110,2188,2226,2257,2279,2312,2330,2348,2373,2378,2379,2381,2384,2384,2384,2385,2389,2391,2406,2428,2452,2478,2508,2546,2563,2607,2635,2668,2701,2733,2769,2793,2834,2866,2898,2947,2978,3050,3146,3324,3697,4288,4891,5173,5358,5455,5512
"Nahant",47,47,47,47,48,49,49,51,57,63,70,83,90,92,102,110,118,130,151,170,182,203,205,208,212,214,215,219,227,236,239,240,240,241,243,245,247,247,247,248,248,248,249,250,250,250,251,254,255,263,268,273,279,291,297,299,300,303,304,306,308,313,317,320,324,332,344,351,361,389,432,481,516,549,563,567
"Natick",460,464,473,482,486,499,509,531,545,564,587,615,659,715,778,839,913,1005,1109,1256,1356,1477,1524,1583,1624,1661,1700,1741,1802,1857,1901,1952,2014,2053,2074,2093,2113,2127,2140,2142,2142,2144,2144,2148,2150,2155,2167,2176,2203,2225,2252,2280,2312,2343,2376,2400,2431,2450,2473,2492,2515,2537,2559,2593,2632,2687,2770,2853,2965,3167,3688,4333,4759,5031,5224,5293
"Needham",374,379,380,390,398,411,415,417,429,445,465,482,532,571,640,697,766,838,926,1045,1122,1209,1266,1320,1364,1419,1446,1500,1536,1577,1615,1647,1688,1716,1730,1738,1746,1752,1755,1754,1756,1754,1753,1753,1756,1762,1764,1776,1793,1817,1845,1863,1884,1917,1938,1962,1987,2006,2015,2046,2069,2100,2127,2159,2208,2236,2279,2329,2454,2650,3030,3523,3914,4154,4274,4334
"Newton",896,911,952,963,982,1001,1030,1076,1109,1146,1196,1283,1406,1570,1729,1881,2029,2202,2432,2692,2899,3075,3210,3321,3408,3528,3606,3674,3756,3830,3944,4065,4137,4221,4274,4324,4349,4358,4364,4368,4374,4375,4377,4384,4393,4404,4428,4472,4530,4588,4636,4695,4786,4854,4960,5031,5108,5179,5264,5387,5463,5507,5554,5626,5722,5813,5968,6167,6524,7064,8027,9222,10220,10894,11359,11676
"Norfolk",40,42,42,43,44,45,46,46,51,131,305,336,370,427,496,594,641,675,706,767,796,818,842,854,870,877,895,898,916,931,952,970,989,991,998,1006,1010,1019,1020,1020,1020,1020,1020,1020,1021,1018,1025,1037,1046,1050,1054,1059,1069,1081,1092,1108,1126,1139,1145,1151,1158,1172,1190,1200,1212,1228,1249,1279,1321,1369,1463,1580,1689,1798,1844,1876
"North Reading",213,215,216,221,229,234,238,243,254,272,302,332,369,413,469,552,648,731,798,874,919,966,1031,1091,1130,1153,1172,1195,1228,1264,1297,1327,1362,1379,1407,1423,1430,1438,1443,1446,1448,1449,1450,1451,1451,1452,1456,1463,1470,1488,1514,1537,1571,1598,1624,1648,1676,1693,1708,1722,1730,1740,1760,1783,1821,1859,1958,2069,2182,2316,2560,2869,3073,3207,3279,3324
"Norwell",134,136,139,141,144,144,149,152,156,160,172,178,181,193,217,245,281,313,350,410,444,472,506,523,538,551,567,577,610,634,647,664,689,709,723,727,729,733,734,733,733,734,733,732,733,734,741,742,748,753,763,777,793,804,818,827,835,846,855,874,880,888,905,926,966,1001,1049,1089,1143,1243,1412,1636,1763,1873,1936,1962
"Norwood",636,645,661,672,680,688,707,724,754,789,835,887,938,1007,1134,1287,1413,1560,1682,1846,2003,2174,2292,2371,2430,2473,2516,2558,2593,2638,2674,2722,2762,2793,2833,2850,2878,2883,2895,2898,2901,2906,2906,2908,2910,2911,2914,2922,2941,2963,2984,3012,3067,3098,3139,3170,3187,3215,3240,3265,3276,3301,3329,3362,3406,3465,3583,3672,3837,4091,4595,5190,5781,6044,6168,6249
"Peabody",1147,1152,1165,1180,1198,1224,1250,1289,1360,1423,1561,1753,1974,2231,2678,3081,3459,3818,4220,4680,5035,5284,5417,5558,5691,5828,5923,5994,6099,6203,6320,6433,6552,6672,6730,6769,6809,6841,6850,6855,6864,6864,6866,6868,6873,6878,6888,6908,6957,7005,7068,7129,7246,7366,7481,7601,7719,7816,7894,7957,8028,8123,8275,8455,8652,8845,9135,9492,9809,10283,11465,12714,13512,13987,14230,14355
"Pembroke",110,111,114,117,124,135,149,164,185,192,203,215,245,272,321,386,440,520,627,743,824,883,947,976,1014,1043,1075,1108,1145,1192,1242,1277,1303,1324,1339,1351,1360,1367,1371,1370,1370,1371,1371,1372,1373,1374,1376,1385,1396,1406,1424,1450,1479,1489,1521,1548,1573,1593,1622,1642,1655,1670,1690,1718,1779,1849,1969,2084,2193,2300,2560,2926,3206,3357,3411,3448
"Quincy",1365,1385,1410,1438,1478,1528,1575,1617,1672,1738,1818,1931,2091,2295,2686,3088,3461,3833,4255,4757,5102,5477,5757,5957,6104,6249,6346,6475,6627,6767,6937,7072,7197,7300,7401,7458,7495,7509,7524,7536,7535,7535,7539,7541,7546,7574,7601,7633,7681,7756,7860,7983,8124,8205,8302,8400,8487,8557,8655,8757,8858,8946,9048,9165,9333,9488,9784,10150,10659,11448,13018,15086,16384,17118,17480,17685
"Randolph",1026,1031,1036,1040,1055,1083,1118,1141,1179,1220,1284,1360,1454,1543,1734,1909,2075,2240,2435,2704,2905,3128,3276,3379,3423,3499,3551,3599,3656,3721,3801,3885,3958,4005,4067,4113,4147,4159,4175,4186,4212,4212,4220,4225,4225,4235,4247,4263,4295,4349,4419,4478,4550,4612,4689,4749,4790,4809,4842,4878,4914,4950,4979,5018,5093,5162,5331,5457,5692,6114,7075,8177,8781,9144,9276,9356
"Reading",323,326,329,336,345,349,353,368,375,396,433,475,523,562,657,770,888,1014,1155,1316,1410,1495,1563,1622,1666,1700,1737,1780,1829,1894,1934,1973,2010,2027,2059,2076,2085,2095,2101,2105,2108,2109,2112,2114,2115,2115,2123,2133,2145,2160,2181,2209,2245,2278,2325,2357,2394,2413,2444,2475,2507,2548,2591,2634,2720,2824,2959,3067,3178,3395,3765,4250,4559,4728,4825,4883
"Revere",2354,2432,2523,2582,2672,2741,2843,2997,3201,3388,3642,3878,4098,4408,5013,5658,6188,6654,7157,7827,8266,8616,8822,9068,9218,9352,9480,9605,9730,9848,10002,10159,10323,10463,10560,10622,10682,10733,10757,10775,10789,10799,10809,10817,10822,10828,10843,10889,10977,11059,11182,11265,11400,11481,11573,11664,11774,11873,11947,12055,12148,12227,12317,12429,12580,12734,13019,13356,13772,14513,16394,18721,19788,20409,20704,20847
"Rockland",314,317,326,329,336,345,362,377,405,425,457,481,509,545,602,718,805,903,1014,1157,1253,1329,1390,1460,1509,1535,1566,1597,1629,1660,1693,1724,1752,1779,1794,1821,1836,1842,1847,1849,1850,1850,1850,1853,1857,1863,1871,1883,1897,1922,1951,1981,2001,2018,2043,2071,2095,2115,2137,2166,2186,2207,2232,2273,2315,2389,2490,2589,2696,2817,3198,3616,3869,4045,4119,4163
"Rockport",86,87,87,87,87,88,90,91,93,93,95,105,106,110,119,123,144,155,167,187,200,215,222,225,231,233,242,245,250,264,272,278,282,286,288,297,298,298,298,299,299,299,299,299,299,299,304,304,306,311,316,317,319,323,326,330,336,339,348,352,353,355,359,372,396,426,461,489,525,563,602,666,720,763,794,816
"Salem",778,790,802,818,843,860,880,901,942,1007,1120,1271,1439,1615,1885,2174,2433,2663,2896,3225,3443,3660,3764,3876,3971,4051,4091,4168,4217,4271,4341,4430,4510,4577,4632,4677,4724,4759,4779,4782,4787,4788,4788,4789,4792,4799,4809,4825,4849,4889,4922,4972,5019,5071,5168,5237,5319,5359,5428,5498,5556,5630,5753,5894,6064,6191,6423,6664,6921,7376,8255,9289,9868,10244,10419,10513
"Saugus",659,670,690,702,721,734,762,812,865,921,1014,1102,1195,1311,1625,1886,2089,2314,2537,2808,3015,3180,3276,3371,3441,3501,3571,3621,3679,3783,3876,3953,4021,4080,4122,4150,4168,4184,4199,4207,4208,4212,4213,4215,4216,4218,4228,4247,4282,4331,4376,4433,4509,4578,4668,4747,4807,4859,4908,4983,5031,5072,5137,5214,5305,5391,5563,5742,5932,6270,6900,7651,7977,8288,8441,8492
"Scituate",208,211,216,224,232,237,247,260,267,273,285,309,331,347,378,413,446,511,614,753,826,872,925,952,979,1003,1022,1045,1067,1089,1115,1153,1173,1198,1214,1222,1229,1232,1233,1236,1237,1236,1237,1238,1239,1240,1241,1242,1246,1266,1283,1303,1322,1333,1352,1363,1371,1388,1398,1414,1432,1458,1473,1522,1563,1598,1641,1704,1790,1919,2146,2413,2603,2689,2737,2774
"Sharon",175,180,183,184,186,192,197,199,204,211,228,254,276,296,334,361,390,439,475,526,603,662,702,726,755,778,803,816,838,860,901,942,972,993,1019,1032,1039,1043,1043,1043,1042,1041,1043,1043,1043,1045,1048,1056,1070,1089,1108,1123,1134,1146,1167,1188,1202,1216,1227,1236,1245,1255,1261,1284,1306,1339,1375,1407,1467,1561,1796,2083,2328,2461,2535,2591
"Sherborn",20,20,22,22,25,25,25,27,28,27,28,32,35,40,51,61,76,87,96,112,121,130,133,140,141,144,143,144,146,148,148,149,151,153,155,156,155,156,157,157,157,157,157,158,158,159,159,162,165,168,174,183,190,191,194,203,208,213,217,221,221,222,227,229,236,239,247,259,278,296,326,390,437,464,467,469
"Somerville",1143,1189,1218,1245,1270,1314,1350,1390,1429,1500,1620,1814,2005,2196,2423,2702,2936,3129,3394,3727,3973,4153,4325,4449,4555,4669,4753,4862,4974,5122,5241,5375,5484,5556,5620,5668,5707,5725,5751,5758,5765,5767,5770,5784,5786,5797,5820,5857,5927,5993,6052,6132,6205,6273,6371,6490,6553,6614,6684,6740,6803,6880,6982,7072,7208,7347,7550,7790,8245,8903,9963,11440,12375,13031,13335,13523
"Southborough",44,45,46,44,53,64,68,74,83,90,95,100,111,134,167,193,231,258,283,314,327,352,369,374,385,397,403,412,425,438,449,462,475,481,495,499,504,507,508,508,508,509,509,510,510,513,518,525,529,534,539,549,557,569,580,602,611,620,628,640,648,676,709,727,742,769,794,829,866,957,1118,1360,1525,1616,1672,1705
"Stoneham",421,427,435,445,450,460,474,479,497,516,547,608,674,747,851,977,1140,1312,1479,1629,1716,1788,1881,1933,1981,2039,2081,2122,2182,2237,2289,2332,2370,2413,2440,2461,2484,2496,2496,2497,2499,2499,2498,2501,2502,2506,2514,2530,2557,2593,2648,2685,2714,2743,2763,2784,2819,2873,2913,2949,2987,3030,3073,3114,3178,3226,3358,3459,3576,3815,4270,4735,5059,5269,5363,5406
"Stoughton",640,643,653,661,672,687,697,702,729,753,794,843,907,972,1082,1216,1353,1502,1641,1866,2065,2246,2329,2415,2493,2529,2577,2607,2645,2682,2747,2799,2868,2912,2966,3010,3031,3050,3062,3067,3078,3082,3087,3090,3096,3101,3109,3120,3143,3172,3200,3227,3277,3312,3348,3402,3450,3483,3522,3551,3585,3618,3643,3684,3735,3799,3923,4039,4187,4412,4962,5652,6134,6378,6530,6593
"Stow",28,29,29,29,31,32,35,40,40,43,51,60,75,84,97,103,119,128,144,164,173,183,189,194,195,203,206,212,223,239,245,258,265,275,278,280,283,286,288,289,289,289,290,290,290,291,292,295,299,312,312,317,325,331,335,350,352,357,364,371,382,408,427,438,444,460,472,489,517,550,620,733,832,884,912,923
"Sudbury",214,220,218,220,222,225,231,237,245,253,261,274,286,296,320,347,376,411,447,510,545,576,589,613,657,676,690,698,706,723,758,779,800,810,815,820,823,824,824,824,825,825,826,826,826,830,831,834,841,849,863,878,897,909,920,936,940,949,963,984,1004,1022,1037,1047,1064,1095,1129,1180,1236,1327,1519,1788,2000,2117,2180,2216
"Swampscott",160,162,165,168,168,168,176,185,191,196,212,234,262,297,366,452,513,598,664,756,803,838,860,891,911,935,949,965,982,1029,1054,1093,1116,1127,1142,1152,1161,1164,1164,1165,1166,1166,1166,1166,1166,1166,1166,1169,1181,1188,1204,1221,1251,1282,1307,1325,1346,1368,1394,1417,1427,1446,1476,1500,1536,1578,1621,1682,1747,1880,2120,2401,2581,2738,2817,2860
"Topsfield",122,122,123,123,123,124,125,129,131,134,138,141,149,165,189,216,242,266,276,310,330,350,358,363,370,370,383,394,395,398,401,404,407,412,415,422,428,430,432,432,432,432,432,432,432,434,434,439,442,447,450,454,460,478,503,513,524,527,531,536,542,549,553,566,580,603,642,674,717,780,879,973,1038,1085,1107,1125
"Wakefield",344,348,353,357,362,371,395,434,456,470,505,558,614,681,813,928,1077,1194,1335,1513,1617,1735,1809,1891,1945,1985,2031,2078,2160,2222,2282,2342,2392,2421,2446,2466,2480,2486,2488,2491,2493,2496,2500,2502,2504,2508,2510,2517,2537,2555,2591,2639,2698,2741,2785,2826,2866,2897,2932,2974,3011,3061,3129,3180,3259,3340,3473,3603,3725,3978,4482,4970,5316,5514,5609,5678
"Walpole",266,270,276,288,308,315,324,334,349,370,399,434,469,522,614,694,811,895,1007,1171,1293,1466,1543,1611,1668,1708,1747,1783,1828,1863,1913,1958,1997,2019,2048,2088,2102,2116,2129,2131,2138,2138,2139,2139,2139,2140,2143,2148,2165,2185,2212,2238,2266,2291,2310,2333,2351,2374,2413,2433,2455,2489,2522,2574,2629,2701,2791,2862,3003,3222,3658,4133,4655,4863,4985,5075
"Waltham",1333,1342,1360,1380,1413,1471,1520,1602,1683,1761,1866,1982,2084,2184,2404,2644,2874,3112,3338,3716,3991,4208,4365,4512,4604,4689,4808,4948,5063,5180,5261,5370,5433,5500,5558,5581,5602,5618,5633,5638,5644,5654,5659,5661,5670,5696,5719,5749,5792,5838,5909,5973,6048,6104,6206,6297,6383,6439,6494,6549,6600,6642,6676,6778,6873,6998,7182,7372,7756,8337,9331,10532,11307,11743,11989,12134
"Watertown",423,426,436,444,454,462,471,485,514,541,592,638,701,765,889,1023,1144,1280,1402,1563,1701,1779,1844,1921,1970,2009,2036,2063,2097,2137,2186,2233,2257,2273,2298,2314,2324,2328,2338,2341,2341,2340,2341,2343,2345,2349,2361,2381,2419,2445,2468,2502,2528,2572,2595,2608,2635,2669,2704,2734,2754,2779,2821,2867,2931,2973,3052,3134,3278,3560,4049,4578,4968,5174,5289,5351
"Wayland",116,116,118,121,123,124,124,127,135,146,152,163,173,183,212,238,265,308,370,403,431,465,478,488,496,505,518,528,541,557,574,583,600,614,617,626,628,632,632,633,633,634,634,635,638,639,639,650,662,680,694,710,717,724,736,743,753,767,775,787,799,804,828,850,883,899,932,963,1010,1097,1260,1435,1625,1723,1793,1819
"Wellesley",271,274,278,285,286,296,299,303,314,326,337,387,424,469,508,565,599,639,684,737,809,887,932,961,992,1043,1089,1123,1142,1167,1210,1274,1300,1320,1339,1345,1352,1352,1353,1356,1356,1356,1356,1360,1364,1372,1379,1390,1400,1419,1431,1444,1466,1493,1532,1557,1583,1603,1626,1646,1664,1681,1700,1727,1753,1785,1848,1908,2025,2191,2480,2924,3237,3490,3604,3684
"Wenham",27,27,28,32,32,32,32,32,33,38,41,51,77,84,90,99,119,140,154,183,196,207,221,228,229,231,233,236,236,241,254,267,273,290,293,293,294,294,294,294,294,294,293,294,294,294,294,294,295,297,298,299,309,317,327,329,334,335,336,341,347,355,362,375,389,402,446,473,494,526,568,642,697,773,826,841
"Weston",125,127,128,133,138,139,140,145,150,155,170,183,195,210,227,246,262,284,304,342,365,390,410,425,431,445,452,459,476,491,511,517,526,531,537,539,541,541,542,542,546,546,547,547,547,547,553,560,567,578,592,603,616,624,639,649,656,665,676,684,687,692,700,708,718,738,761,777,827,905,1020,1187,1279,1374,1428,1459
"Westwood",157,161,161,169,172,176,181,190,198,207,218,244,276,302,345,381,412,462,515,611,673,731,800,848,872,889,904,913,927,946,964,985,1013,1049,1058,1072,1077,1081,1085,1087,1088,1090,1090,1090,1089,1089,1090,1097,1107,1125,1136,1150,1163,1179,1192,1202,1215,1226,1243,1251,1257,1280,1288,1321,1353,1385,1441,1474,1529,1679,1914,2135,2306,2423,2489,2522
"Weymouth",807,822,843,862,884,907,952,986,1028,1054,1111,1174,1243,1324,1537,1807,2073,2374,2757,3159,3459,3687,3909,4061,4209,4304,4427,4514,4583,4658,4762,4869,4952,5033,5106,5161,5195,5215,5233,5238,5247,5251,5256,5256,5255,5259,5273,5299,5344,5399,5449,5511,5586,5635,5686,5739,5789,5856,5977,6047,6100,6154,6225,6294,6401,6523,6746,6966,7293,7730,8743,9805,10637,11047,11219,11336
"Wilmington",361,362,370,373,382,390,400,409,430,453,486,532,595,666,776,899,1069,1208,1348,1516,1616,1688,1720,1761,1799,1830,1870,1909,1945,1976,2014,2055,2115,2149,2175,2200,2208,2210,2216,2220,2226,2228,2232,2236,2240,2242,2249,2254,2267,2275,2307,2345,2401,2450,2479,2517,2555,2578,2602,2642,2668,2704,2748,2793,2875,2951,3099,3238,3363,3547,3952,4454,4748,4930,5007,5048
"Winchester",132,132,133,137,139,146,152,165,193,216,236,261,290,327,425,515,596,646,723,824,883,936,1002,1042,1069,1082,1101,1111,1130,1142,1165,1194,1235,1266,1284,1295,1305,1306,1306,1306,1306,1305,1307,1308,1310,1315,1319,1328,1353,1389,1421,1428,1446,1459,1481,1495,1513,1525,1543,1562,1574,1592,1610,1653,1715,1760,1815,1876,1952,2112,2454,2886,3122,3307,3395,3436
"Winthrop",370,383,393,405,415,435,442,465,555,629,715,766,809,872,1034,1185,1278,1383,1496,1626,1747,1853,1937,1992,2028,2077,2106,2137,2168,2191,2233,2266,2298,2342,2367,2378,2390,2396,2401,2403,2407,2407,2407,2411,2412,2414,2425,2436,2445,2463,2493,2536,2570,2619,2664,2695,2712,2721,2740,2755,2776,2807,2831,2845,2887,2932,3003,3078,3197,3375,3790,4261,4537,4706,4768,4812
"Woburn",704,716,731,753,770,812,840,869,906,964,1055,1199,1343,1471,1699,1961,2222,2446,2669,2941,3170,3335,3431,3512,3581,3638,3689,3749,3817,3872,3935,4021,4098,4169,4218,4251,4270,4287,4296,4305,4308,4309,4309,4313,4320,4324,4333,4349,4371,4421,4460,4498,4538,4576,4644,4706,4759,4801,4835,4885,4954,5011,5098,5193,5293,5396,5564,5720,5960,6330,7245,8407,9129,9446,9611,9713
"Wrentham",222,227,239,249,248,253,260,275,286,300,313,342,372,397,426,470,529,564,610,671,730,783,817,839,868,883,902,923,942,965,996,1016,1027,1036,1049,1056,1063,1069,1073,1073,1074,1075,1076,1077,1077,1077,1077,1078,1084,1091,1102,1114,1127,1145,1173,1189,1193,1210,1223,1234,1243,1252,1260,1270,1301,1318,1353,1409,1451,1519,1681,1853,1982,2067,2111,2136
"MAPC Region",63545,64512,65910,67280,68821,70896,73060,75571,79006,82783,88576,95891,103155,111306,126032,141142,155101,168869,184023,203108,217013,229364,238259,245435,250985,256079,260764,265319,270351,275935,282423,288731,294302,298703,302212,304696,306607,307817,308808,309264,309727,309953,310137,310355,310575,311074,312020,313674,316151,319341,322820,326542,330917,334828,339728,344040,347914,351283,354777,358340,361627,365071,369283,374762,381739,388536,400554,412743,431204,460671,520644,596176,643287,672990,688610,697658

2	"Acton"	21924
10	"Arlington"	42844
14	"Ashland"	16593
23	"Bedford"	13320
25	"Bellingham"	16332
26	"Belmont"	24729
30	"Beverly"	39502
34	"Bolton"	4897
35	"Boston"	617594
37	"Boxborough"	4996
40	"Braintree"	35744
46	"Brookline"	58732
48	"Burlington"	24498
49	"Cambridge"	105162
50	"Canton"	21561
51	"Carlisle"	4852
57	"Chelsea"	35177
65	"Cohasset"	7542
67	"Concord"	17668
71	"Danvers"	26493
73	"Dedham"	24729
78	"Dover"	5589
82	"Duxbury"	15059
92	"Essex"	3504
93	"Everett"	41667
99	"Foxborough"	16865
100	"Framingham"	68318
101	"Franklin"	31635
107	"Gloucester"	28789
119	"Hamilton"	7764
122	"Hanover"	13879
131	"Hingham"	22157
133	"Holbrook"	10791
136	"Holliston"	13547
139	"Hopkinton"	14925
141	"Hudson"	19063
142	"Hull"	10293
144	"Ipswich"	13175
155	"Lexington"	31394
157	"Lincoln"	6362
158	"Littleton"	8924
163	"Lynn"	90329
164	"Lynnfield"	11596
165	"Malden"	59450
166	"Manchester"	5136
168	"Marblehead"	19808
170	"Marlborough"	38499
171	"Marshfield"	25132
174	"Maynard"	10106
175	"Medfield"	12024
176	"Medford"	56173
177	"Medway"	12752
178	"Melrose"	26983
184	"Middleton"	8987
185	"Milford"	27999
187	"Millis"	7891
189	"Milton"	27003
196	"Nahant"	3410
198	"Natick"	33006
199	"Needham"	28886
207	"Newton"	85146
208	"Norfolk"	11227
213	"North Reading"	14892
219	"Norwell"	10506
220	"Norwood"	28602
229	"Peabody"	51251
231	"Pembroke"	17837
243	"Quincy"	92271
244	"Randolph"	32112
246	"Reading"	24747
248	"Revere"	51755
251	"Rockland"	17489
252	"Rockport"	6952
258	"Salem"	41340
262	"Saugus"	26628
264	"Scituate"	18133
266	"Sharon"	17612
269	"Sherborn"	4119
274	"Somerville"	75754
277	"Southborough"	9767
284	"Stoneham"	21437
285	"Stoughton"	26962
286	"Stow"	6590
288	"Sudbury"	17659
291	"Swampscott"	13787
298	"Topsfield"	6085
305	"Wakefield"	24932
307	"Walpole"	24070
308	"Waltham"	60632
314	"Watertown"	31915
315	"Wayland"	12994
317	"Wellesley"	27982
320	"Wenham"	4875
333	"Weston"	11261
335	"Westwood"	14618
336	"Weymouth"	53743
342	"Wilmington"	22325
344	"Winchester"	21374
346	"Winthrop"	17497
347	"Woburn"	38120
350	"Wrentham"	10955